,ganancia
EXT_SOURCE_3,137.78640747070312
EXT_SOURCE_2,136.95889282226562
NAME_EDUCATION_TYPE,56.28183364868164
BUR_RATIO_DEUDA_CREDITO,45.253082275390625
FLAG_DOCUMENT_3,44.903114318847656
EXT_SOURCE_1,43.51076889038086
CODE_GENDER,40.40662384033203
REGION_RATING_CLIENT,37.26604461669922
BUR_N_MICROCREDITOS,36.734527587890625
BUR_N_HIPOTECAS,36.60087966918945
DAYS_EMPLOYED,34.042686462402344
AMT_GOODS_PRICE,32.63111114501953
REGION_RATING_CLIENT_W_CITY,30.479854583740234
BUR_AMT_CREDIT_SUM_OVERDUE_MAX,30.273082733154297
NAME_CONTRACT_TYPE,27.228256225585938
BUR_DAYS_CREDIT_MEAN,26.70290756225586
AMT_CREDIT,25.652679443359375
BUR_N_ACTIVOS,25.090007781982422
BUR_MESES_MORA_SUM,24.95732307434082
REG_CITY_NOT_LIVE_CITY,24.923341751098633
OCCUPATION_TYPE,24.91474151611328
BUR_FRAC_ACTIVOS,24.77012062072754
DEF_30_CNT_SOCIAL_CIRCLE,24.02191734313965
BUR_AMT_CREDIT_SUM_OVERDUE_SUM,22.259361267089844
BUR_RATIO_DEUDA_ACTIVA,22.231903076171875
NAME_INCOME_TYPE,21.143556594848633
AMT_ANNUITY,21.055927276611328
BUR_AMT_CREDIT_MAX_OVERDUE_MEAN,20.64312171936035
DAYS_BIRTH,20.29087257385254
ORGANIZATION_TYPE,19.959606170654297
NAME_FAMILY_STATUS,17.858251571655273
BUR_CREDITOS_POR_ANIO,16.639129638671875
FLAG_DOCUMENT_16,16.203086853027344
DEF_60_CNT_SOCIAL_CIRCLE,15.778543472290039
BUR_DPD_PROM_MEAN,15.224453926086426
BUR_DAYS_CREDIT_MAX_ACT,14.716692924499512
BUR_RATIO_MORA_CREDITO,14.612409591674805
BUR_TASA_MORA_MEAN,14.518568992614746
FLAG_DOCUMENT_18,14.469133377075195
DAYS_LAST_PHONE_CHANGE,14.312474250793457
BUR_DAYS_CREDIT_ENDDATE_MAX,14.184234619140625
BUR_FRAC_CON_MORA_HIST,14.078083038330078
BUR_DAYS_CREDIT_MAX,13.875287055969238
BUR_AMT_CREDIT_SUM_DEBT_MEAN,13.846369743347168
DAYS_ID_PUBLISH,13.813590049743652
BUR_AMT_CREDIT_SUM_MAX,13.654623031616211
BUR_AMT_CREDIT_SUM_SUM,13.645221710205078
BUR_TASA_MORA_MAX,13.596875190734863
BUR_AMT_CREDIT_SUM_MEAN,13.526061058044434
BUR_DIAS_DESDE_ULTIMO_CREDITO,13.373456001281738
BUR_AMT_CREDIT_MAX_OVERDUE_MAX,13.282747268676758
BUR_DPD_MAX_MAX_ACT,13.179347038269043
BUR_AMT_CREDIT_SUM_MAX_ACT,13.15427017211914
BUR_AMT_CREDIT_SUM_LIMIT_SUM,12.772075653076172
BUR_DPD_MAX_MEAN,12.607430458068848
BUR_DAYS_CREDIT_ENDDATE_MEAN,12.545845031738281
BUR_AMT_CREDIT_SUM_SUM_ACT,12.454927444458008
BUR_N_TARJETAS,12.242124557495117
AMT_INCOME_TOTAL,12.09522819519043
BUR_MESES_MORA_12M_SUM,12.090667724609375
FLAG_DOCUMENT_13,12.045600891113281
BUR_N_CERRADOS,11.982757568359375
BUR_N_TIPOS_CREDITO,11.90881061553955
BUR_FRAC_CERRADO_MEAN,11.774829864501953
BUR_MESES_MORA_MAX,11.716229438781738
BUR_AMT_CREDIT_SUM_LIMIT_MEAN,11.585351943969727
BUR_DAYS_CREDIT_MIN,11.508323669433594
BUR_AMT_CREDIT_SUM_DEBT_SUM,11.492670059204102
BUR_CREDIT_DAY_OVERDUE_MAX_ACT,11.480981826782227
NAME_HOUSING_TYPE,11.469160079956055
BUR_ANTIGUEDAD_MESES_MEAN,11.462342262268066
BUR_AMT_CREDIT_SUM_DEBT_MAX_ACT,11.24873161315918
DAYS_REGISTRATION,11.229172706604004
BUR_AMT_CREDIT_SUM_DEBT_SUM_ACT,11.210227966308594
BUR_N_CON_MORA_HIST,11.000513076782227
BUR_DAYS_ENDDATE_FACT_MAX,10.955127716064453
BUR_N_CON_BALANCE,10.891736030578613
BUR_TASA_MORA_MAX_ACT,10.887340545654297
BUR_DAYS_CREDIT_UPDATE_MEAN,10.855745315551758
BUR_MESES_SIN_REPORTAR_MIN,10.620514869689941
REG_REGION_NOT_LIVE_REGION,10.544897079467773
BUR_RATIO_LIMITE_CREDITO,10.508218765258789
BUR_MESES_N_MEAN,10.507304191589355
BUR_DPD_MAX_MAX,10.505208969116211
BUR_MESES_N_SUM,10.483532905578613
BUR_TASA_MORA_MEAN_ACT,10.482860565185547
BUR_FRAC_SIN_INFO_MEAN,10.413400650024414
BUR_DAYS_CREDIT_UPDATE_MAX,10.379030227661133
BUR_N_CREDITOS,10.352227210998535
BUR_MESES_MORA_12M_MAX,10.308279037475586
FLAG_DOCUMENT_11,10.250886917114258
BUR_ANTIGUEDAD_MESES_MAX,10.198969841003418
BUR_CREDIT_DAY_OVERDUE_MAX,10.194228172302246
OBS_60_CNT_SOCIAL_CIRCLE,10.175625801086426
BUR_MESES_SIN_REPORTAR_MEAN,9.958223342895508
BUR_DAYS_CREDIT_STD,9.951809883117676
WEEKDAY_APPR_PROCESS_START,9.907615661621094
BUR_AMT_CREDIT_SUM_DEBT_MAX,9.792487144470215
NAME_TYPE_SUITE,9.789586067199707
BUR_AMT_ANNUITY_MEAN,9.648744583129883
CNT_CHILDREN,9.643871307373047
BUR_AMT_ANNUITY_MAX,9.62159252166748
REGION_POPULATION_RELATIVE,9.557538986206055
BUR_MESES_N_MAX,9.550045013427734
BUR_DAYS_CREDIT_ENDDATE_MIN,9.549904823303223
BUR_AMT_ANNUITY_SUM,9.527654647827148
OBS_30_CNT_SOCIAL_CIRCLE,9.484512329101562
LIVE_CITY_NOT_WORK_CITY,9.456212043762207
BUR_DAYS_ENDDATE_FACT_MEAN,9.407594680786133
FLAG_DOCUMENT_14,9.362570762634277
BUR_DIAS_DESDE_PRIMER_CREDITO,9.316587448120117
BUR_CREDIT_DAY_OVERDUE_MEAN,9.219478607177734
HOUR_APPR_PROCESS_START,9.192728042602539
BUR_AMT_ANNUITY_SUM_ACT,9.082300186157227
FLAG_OWN_REALTY,9.020068168640137
REG_CITY_NOT_WORK_CITY,8.937682151794434
REG_REGION_NOT_WORK_REGION,8.818461418151855
LIVE_REGION_NOT_WORK_REGION,8.771459579467773
CNT_FAM_MEMBERS,8.732585906982422
BUR_CNT_CREDIT_PROLONG_SUM,8.5575532913208
FLAG_DOCUMENT_5,8.037211418151855
FLAG_DOCUMENT_8,7.874579906463623
FLAG_DOCUMENT_6,7.853355884552002
FLAG_DOCUMENT_15,7.535855770111084
BUR_CNT_CREDIT_PROLONG_MAX,7.267430305480957
