l2,l3,property_type,superficie,rooms,price,valor_estimado,brecha_pct
Córdoba,Córdoba,Casa,231.0,3.0,25000.0,255483.04922364876,0.902146149907131
Bs.As. G.B.A. Zona Norte,Tigre,Casa,450.0,,70000.0,711522.5664662088,0.9016194238959189
Bs.As. G.B.A. Zona Norte,Vicente López,Departamento,76.0,2.0,23000.0,232757.46075842946,0.9011846927481699
Córdoba,Villa de Las Rosas,Casa,800.0,,20000.0,188980.0253579119,0.8941687093007754
Bs.As. G.B.A. Zona Norte,Escobar,Casa,1060.0,4.0,22000.0,204030.27693015776,0.8921728660519787
Santa Fe,Rosario,Casa,360.0,,23000.0,198440.47278854562,0.8840962245413093
Córdoba,Córdoba,Casa,1950.0,10.0,50000.0,418593.1109493534,0.8805522625859706
Santa Fe,Rosario,Casa,512.0,,26800.0,208401.9260207909,0.87140234012364
Bs.As. G.B.A. Zona Sur,Quilmes,Casa,390.0,2.0,25000.0,188227.91382022022,0.867182292505893
Córdoba,Córdoba,Casa,200.0,3.0,24000.0,173976.4636493258,0.8620503055610131
Santa Fe,Rosario,Casa,125.0,2.0,20000.0,143874.49077978946,0.8609899510913892
Santa Fe,Rosario,Casa,125.0,2.0,20000.0,143874.49077978946,0.8609899510913892
Bs.As. G.B.A. Zona Sur,La Plata,Casa,220.0,,25000.0,178768.01840980735,0.8601539569416154
Bs.As. G.B.A. Zona Oeste,La Matanza,Departamento,192.0,,45000.0,302989.2788839117,0.8514798933950352
Córdoba,Córdoba,Casa,160.0,3.0,32000.0,212599.75708278132,0.8494824244435051
Bs.As. G.B.A. Zona Sur,Ezeiza,Casa,449.0,5.0,48000.0,318590.56766455603,0.8493364058080364
Santa Fe,Rosario,Casa,360.0,,30000.0,198440.47278854562,0.8488211624451861
Neuquén,Lácar,PH,500.0,,35000.0,226154.41741998462,0.8452384861667215
Córdoba,Río Primero,Departamento,225.0,,36000.0,230288.86639263257,0.8436745963279807
Capital Federal,,Casa,350.0,,90000.0,560905.3648971465,0.8395451253768925
Santa Fe,Rosario,Departamento,68.0,4.0,22000.0,137076.46398774371,0.8395056353221435
Bs.As. G.B.A. Zona Norte,,Casa,295.0,3.0,30000.0,182321.7056581323,0.8354556859167807
Córdoba,Córdoba,Departamento,61.0,2.0,20000.0,119886.71803206172,0.8331758485985801
Córdoba,La Calera,Casa,425.0,2.0,20000.0,116710.24562493208,0.8286354390489987
Bs.As. G.B.A. Zona Norte,Pilar,Casa,203.0,2.0,20000.0,113427.40582125259,0.8236757699323786
Entre Ríos,Paraná,Casa,1262.0,3.0,55000.0,309600.79925725027,0.8223518798015118
Misiones,,Casa,830.0,3.0,40000.0,222844.9080124251,0.820502966135669
Salta,Salta,Casa,248.0,,35000.0,193101.9282953468,0.8187485733106301
Bs.As. G.B.A. Zona Oeste,Moreno,Casa,2800.0,,111111.0,600447.5353690806,0.8149530251103408
Bs.As. G.B.A. Zona Norte,Escobar,Casa,640.0,,50000.0,269109.61528738635,0.8142021051659406
Córdoba,Córdoba,Casa,750.0,5.0,111111.0,594444.7257669056,0.813084387523746
Chaco,Resistencia,Casa,600.0,1.0,28000.0,149047.5018107205,0.8121404273145217
Bs.As. G.B.A. Zona Sur,Quilmes,Casa,390.0,3.0,35000.0,182936.76565528548,0.808677059121337
Bs.As. G.B.A. Zona Norte,Pilar,Casa,322.0,,30000.0,148826.40395588428,0.7984228658182676
Córdoba,Córdoba,Casa,305.0,5.0,70000.0,341591.51560127334,0.7950768774898136
Capital Federal,Barracas,Departamento,2450.0,,43900.0,212706.18752496256,0.7936120217713553
Córdoba,Punilla,Casa,180.0,6.0,30000.0,144886.24298513422,0.7929410040463394
Bs.As. G.B.A. Zona Norte,Pilar,Casa,65.0,3.0,20500.0,98761.62842347976,0.7924295060010746
Santa Fe,Rosario,Casa,100.0,,25000.0,119965.79015347187,0.7916072576355512
Neuquén,Lácar,Casa,400.0,,35000.0,166159.4472031942,0.7893589525656103
Neuquén,Neuquén,Casa,321.0,5.0,100000.0,473684.38554104575,0.788888966889252
Bs.As. G.B.A. Zona Norte,Tigre,Casa,405.0,,45000.0,205435.86307501222,0.7809535330081641
Entre Ríos,Gualeguaychú,Casa,150.0,,28000.0,127595.57017025142,0.780556645010172
Bs.As. G.B.A. Zona Norte,Tigre,Casa,90.0,3.0,33016.0,149432.2323019678,0.7790570381543767
Bs.As. G.B.A. Zona Norte,Tigre,Casa,90.0,3.0,33016.0,149432.2323019678,0.7790570381543767
Bs.As. G.B.A. Zona Norte,Tigre,Casa,90.0,3.0,33016.0,149432.2323019678,0.7790570381543767
Bs.As. G.B.A. Zona Norte,Pilar,Casa,203.0,,55000.0,248653.50253046263,0.7788086657123926
Bs.As. G.B.A. Zona Oeste,Morón,Departamento,330.0,5.0,88000.0,397437.3036967489,0.7785814286140955
Bs.As. G.B.A. Zona Norte,Tigre,Casa,93.0,3.0,33933.0,152697.53636087384,0.7777763753843068
Bs.As. G.B.A. Zona Norte,Tigre,Casa,93.0,3.0,34086.0,152697.53636087384,0.7767743945819551
