,mean_abs_shap
EXT_SOURCE_MEAN,0.2473355305139131
CREDIT_TERM,0.13895228374092147
CODE_GENDER,0.11298632356622275
GOODS_CREDIT_RATIO,0.104283471468573
PREV_CNT_PAYMENT_MEAN,0.09822393552778656
PREV_APP_CREDIT_RATIO_MEAN,0.09813557005295435
EXT_SOURCE_MAX,0.09744194728235968
PREV_AMT_ANNUITY_MEAN,0.09560084571280349
INST_LATE_RATIO,0.09308791228469494
ORGANIZATION_TYPE,0.09079951665269664
AMT_ANNUITY,0.08937895843235567
EXT_SOURCE_3,0.08434364158594919
BUREAU_DEBT_CREDIT_RATIO,0.08426230614947322
OWN_CAR_AGE,0.07634008548005959
EXT_SOURCE_MIN,0.07598928645997764
INST_COUNT,0.07394956675121393
NAME_EDUCATION_TYPE,0.06874197589838206
DAYS_ID_PUBLISH,0.06516389348588193
EXT_SOURCE_2,0.06340454105107182
DAYS_EMPLOYED,0.06168080757230453
NAME_FAMILY_STATUS,0.06002862580188766
BUREAU_MAX_OVERDUE,0.059179571041771906
EXT_SOURCE_1,0.05541893154833979
AMT_GOODS_PRICE,0.05500642896183816
OCCUPATION_TYPE,0.04918523199308637
ANNUITY_INCOME_RATIO,0.0453631015947015
BUREAU_DAYS_CREDIT_MAX,0.04500833205210337
DAYS_BIRTH,0.04361263565668447
EXT_SOURCE_PROD,0.043424607397533815
BUREAU_CREDIT_SUM,0.04283882576298256
INST_DAYS_LATE_MEAN,0.04118740795564241
AGE_YEARS,0.03931050571130047
BUREAU_DAYS_CREDIT_MEAN,0.03831827966697671
DAYS_LAST_PHONE_CHANGE,0.03815130347777681
BUREAU_ACTIVE_COUNT,0.03772572092877152
REGION_POPULATION_RELATIVE,0.037513754165561304
FLAG_WORK_PHONE,0.0347659133179532
PREV_AMT_CREDIT_MEAN,0.03475222915143362
PREV_REFUSED_RATIO,0.03386383923098123
FLAG_DOCUMENT_3,0.033333237939780914
DOCS_COUNT,0.030337777298333576
DEF_30_CNT_SOCIAL_CIRCLE,0.030125357089232693
REGION_RATING_CLIENT_W_CITY,0.029255410434031705
BUREAU_DEBT_SUM,0.028649723322391293
EMPLOYED_AGE_RATIO,0.027891830075448466
PREV_DAYS_DECISION_MAX,0.0270620534916485
PREV_APPROVED_RATIO,0.026501964563862647
AMT_CREDIT,0.02626668786493327
AMT_REQ_CREDIT_BUREAU_QRT,0.025323503572976334
INST_PAYMENT_RATIO_MEAN,0.025086221298160974
WEEKDAY_APPR_PROCESS_START,0.024360170369257868
DAYS_REGISTRATION,0.021996521024319166
NAME_INCOME_TYPE,0.021560941099836615
EXT_SOURCE_STD,0.018392776928604936
INST_DAYS_LATE_MAX,0.018235644882461894
INCOME_PER_PERSON,0.017018705249734783
WALLSMATERIAL_MODE,0.016002925332843917
FLAG_PHONE,0.015724423450577917
REG_CITY_NOT_LIVE_CITY,0.01561012785616203
BUREAU_COUNT,0.014839319753036059
FLAG_OWN_CAR,0.01450836400964053
NONLIVINGAREA_MODE,0.014453727304069889
HOUR_APPR_PROCESS_START,0.014438598104827014
CREDIT_INCOME_RATIO,0.013879652197286185
AMT_INCOME_TOTAL,0.013303981183393876
PREV_COUNT,0.013219807798519537
INST_UNDERPAID_RATIO,0.012817459722683831
BUREAU_ACTIVE_RATIO,0.012413129035250927
OBS_60_CNT_SOCIAL_CIRCLE,0.010076615329030503
NAME_HOUSING_TYPE,0.009963267429479708
NAME_CONTRACT_TYPE,0.009760470937589994
YEARS_BEGINEXPLUATATION_MEDI,0.009644715191570839
TOTALAREA_MODE,0.008882228756119676
ENTRANCES_MEDI,0.007495604875498881
DEF_60_CNT_SOCIAL_CIRCLE,0.007458061162968002
LIVINGAREA_MODE,0.0072794662148457
FONDKAPREMONT_MODE,0.007140943138101449
FLAG_OWN_REALTY,0.006341919016518725
NONLIVINGAPARTMENTS_AVG,0.0062158756876050025
LIVE_CITY_NOT_WORK_CITY,0.005752534203811075
NAME_TYPE_SUITE,0.005477541962980044
OBS_30_CNT_SOCIAL_CIRCLE,0.005318015657811484
APARTMENTS_MEDI,0.004827676950178943
COMMONAREA_MEDI,0.004776691827101005
APARTMENTS_AVG,0.004595019364267222
YEARS_BUILD_MODE,0.004456827573623344
NONLIVINGAREA_AVG,0.0043640774152224025
YEARS_BEGINEXPLUATATION_MODE,0.004198169627649963
BASEMENTAREA_AVG,0.004161889135889457
AMT_REQ_CREDIT_BUREAU_YEAR,0.0038657010461365976
APARTMENTS_MODE,0.0036368100299079102
LIVINGAREA_MEDI,0.00351718410667428
BASEMENTAREA_MODE,0.0033513443306036643
REGION_RATING_CLIENT,0.0033172710712066076
LANDAREA_AVG,0.0031451967246078328
FLAG_DOCUMENT_8,0.003056875763557821
LIVINGAREA_AVG,0.0028226292560571075
BUREAU_OVERDUE_SUM,0.0027444831459078984
NONLIVINGAPARTMENTS_MEDI,0.002724262482129725
FLOORSMAX_AVG,0.0026774658628557716
ENTRANCES_AVG,0.0025623051332335175
YEARS_BUILD_AVG,0.002462322923648074
LIVINGAPARTMENTS_MEDI,0.002213618733688339
COMMONAREA_MODE,0.0022109624184773018
LANDAREA_MODE,0.002138341755403605
REG_REGION_NOT_WORK_REGION,0.0020895247174649574
COMMONAREA_AVG,0.0019676900612383163
FLOORSMIN_MEDI,0.001964502191778042
FLOORSMAX_MODE,0.001940595937297843
CNT_FAM_MEMBERS,0.0019398242134204293
LIVINGAPARTMENTS_AVG,0.0019323213545187723
BASEMENTAREA_MEDI,0.001908207653443265
LANDAREA_MEDI,0.0018965830411659353
YEARS_BEGINEXPLUATATION_AVG,0.0018734475386802693
NONLIVINGAPARTMENTS_MODE,0.0018446838465996792
AMT_REQ_CREDIT_BUREAU_MON,0.001810016584635228
FLOORSMAX_MEDI,0.0017432989320259786
NONLIVINGAREA_MEDI,0.0016763809269325933
ENTRANCES_MODE,0.0016181727093842369
LIVINGAPARTMENTS_MODE,0.0015843967570458553
ELEVATORS_AVG,0.0015708515478856907
FLOORSMIN_MODE,0.0015286491327117656
CNT_CHILDREN,0.001458170278978591
YEARS_BUILD_MEDI,0.0013815694992464793
AMT_REQ_CREDIT_BUREAU_WEEK,0.0012764809518147238
FLOORSMIN_AVG,0.001020499543275721
REG_REGION_NOT_LIVE_REGION,0.000850753247378777
FLAG_EMAIL,0.0006913423926018685
ELEVATORS_MEDI,0.0006433923961281483
REG_CITY_NOT_WORK_CITY,0.0006028793461610009
ELEVATORS_MODE,0.0005741994803267756
DAYS_EMPLOYED_ANOM,0.00041947993603404595
AMT_REQ_CREDIT_BUREAU_DAY,0.00039758085431968365
BUREAU_PROLONG_SUM,0.0003963476424030296
AMT_REQ_CREDIT_BUREAU_HOUR,0.00024353641700948842
HOUSETYPE_MODE,0.00020496554651330197
FLAG_DOCUMENT_18,0.00010029254625570676
FLAG_DOCUMENT_11,6.798276792668637e-05
FLAG_EMP_PHONE,4.0324428646104955e-05
BUREAU_OVERDUE_COUNT,2.907086600963582e-05
FLAG_DOCUMENT_6,2.167241791041794e-05
FLAG_DOCUMENT_14,0.0
FLAG_DOCUMENT_19,0.0
FLAG_MOBIL,0.0
FLAG_CONT_MOBILE,0.0
FLAG_DOCUMENT_17,0.0
FLAG_DOCUMENT_16,0.0
FLAG_DOCUMENT_15,0.0
FLAG_DOCUMENT_12,0.0
FLAG_DOCUMENT_13,0.0
LIVE_REGION_NOT_WORK_REGION,0.0
FLAG_DOCUMENT_5,0.0
EMERGENCYSTATE_MODE,0.0
FLAG_DOCUMENT_10,0.0
FLAG_DOCUMENT_9,0.0
FLAG_DOCUMENT_2,0.0
FLAG_DOCUMENT_7,0.0
FLAG_DOCUMENT_21,0.0
FLAG_DOCUMENT_4,0.0
FLAG_DOCUMENT_20,0.0
