variable,gain,splits,gain_pct
EXT_SOURCE_MEAN,162504.24089813232,666,17.469883847937677
EXT_SOURCE_MIN,69541.13813501596,645,7.475962468165229
EXT_SOURCE_MAX,54474.50050985813,698,5.856236066960275
ORGANIZATION_TYPE,52745.92027068138,4058,5.670406479785449
CREDIT_TERM,42503.759061932564,1959,4.569331420576018
EXT_SOURCE_3,36436.582903146744,869,3.917084671856347
EXT_SOURCE_2,34630.429563343525,673,3.722915652736985
GOODS_CREDIT_RATIO,24376.035398364067,722,2.620525499698093
OCCUPATION_TYPE,20179.615116119385,1487,2.1693928123124127
INST_LATE_RATIO,18810.250814199448,564,2.0221804370055443
BUREAU_DEBT_CREDIT_RATIO,17519.56718993187,748,1.8834265627941977
DAYS_EMPLOYED,14552.206901669502,574,1.5644229522765956
PREV_CNT_PAYMENT_MEAN,13785.757937252522,896,1.4820264910535907
PREV_APP_CREDIT_RATIO_MEAN,13745.208632290363,862,1.477667271602527
EXT_SOURCE_1,13550.476502120495,758,1.4567327552063571
EXT_SOURCE_STD,12591.011464297771,712,1.3535862608485427
PREV_REFUSED_RATIO,12163.223778903484,449,1.3075972999813548
BUREAU_DAYS_CREDIT_MEAN,11564.191632270813,731,1.2431988451163296
AMT_ANNUITY,10871.278397738934,682,1.1687077816396603
PREV_AMT_ANNUITY_MEAN,10505.442578613758,999,1.129378904853372
EXT_SOURCE_PROD,10393.642718791962,439,1.117359953504731
INST_COUNT,10111.69070160389,978,1.0870489353814867
BUREAU_DAYS_CREDIT_MAX,10080.668515622616,850,1.0837139209670525
NAME_EDUCATION_TYPE,9899.339589118958,138,1.064220304881821
EMPLOYED_AGE_RATIO,9618.159632742405,597,1.0339922865167754
AMT_GOODS_PRICE,8943.436050653458,616,0.9614566865631263
AGE_YEARS,8907.494700670242,689,0.9575928414962246
PREV_APPROVED_RATIO,8897.341455578804,419,0.9565013252905752
DAYS_BIRTH,8611.495374977589,754,0.9257716791047761
BUREAU_CREDIT_SUM,8253.02606511116,892,0.8872347327961407
OWN_CAR_AGE,8108.703825950623,433,0.8717194899884815
CODE_GENDER,8097.878126144409,194,0.8705556820955801
INST_DAYS_LATE_MEAN,7015.427290916443,475,0.7541877014322949
DAYS_LAST_PHONE_CHANGE,6879.780086874962,682,0.7396050610913103
BUREAU_DEBT_SUM,6793.191726446152,760,0.7302964511072613
INST_PAYMENT_RATIO_MEAN,6750.5467720627785,479,0.7257119406005776
BUREAU_MAX_OVERDUE,6577.552206099033,555,0.707114303043503
AMT_CREDIT,6399.016954064369,529,0.6879210186186181
ANNUITY_INCOME_RATIO,6254.723333895206,689,0.6724088524719272
DAYS_ID_PUBLISH,5981.838528037071,723,0.643072597394147
BUREAU_ACTIVE_COUNT,5950.466228842735,349,0.6396999443486714
PREV_DAYS_DECISION_MAX,5820.442354559898,793,0.6257218354167086
PREV_AMT_CREDIT_MEAN,5047.492477834225,779,0.5426264989993655
INST_UNDERPAID_RATIO,4902.558858990669,400,0.5270455303251671
DAYS_REGISTRATION,4413.991270065308,716,0.4745224762607293
NAME_FAMILY_STATUS,3896.378985285759,251,0.41887699622040947
BUREAU_ACTIVE_RATIO,3561.7742500305176,348,0.3829055912430875
REGION_POPULATION_RELATIVE,3519.1512323617935,600,0.37832343902474647
DOCS_COUNT,3387.422013580799,184,0.3641619984447056
WEEKDAY_APPR_PROCESS_START,3374.2887147068977,518,0.362750114024956
CREDIT_INCOME_RATIO,3243.9496337771416,474,0.34873811906343893
FLAG_DOCUMENT_3,3097.169981479645,110,0.3329586940914755
PREV_COUNT,2846.2636377215385,311,0.3059852153813872
DEF_30_CNT_SOCIAL_CIRCLE,2673.8305059075356,130,0.2874479343376567
REGION_RATING_CLIENT_W_CITY,2540.2077927589417,180,0.2730829352136304
INST_DAYS_LATE_MAX,2415.191354930401,358,0.25964314659102694
BUREAU_COUNT,2226.157737851143,349,0.2393212441257226
INCOME_PER_PERSON,2111.551390647888,392,0.22700058367519102
BUREAU_OVERDUE_SUM,2004.1142392158508,108,0.21545064167923073
TOTALAREA_MODE,1965.9642506241798,205,0.21134935874770142
FLAG_WORK_PHONE,1929.5856753587723,176,0.20743851013890408
AMT_INCOME_TOTAL,1864.0985246896744,369,0.200398368236154
FLAG_OWN_CAR,1781.763180732727,45,0.19154697526598813
HOUR_APPR_PROCESS_START,1512.2040257453918,308,0.16256824153110072
AMT_REQ_CREDIT_BUREAU_QRT,1449.3371670246124,171,0.15580979194438999
REG_CITY_NOT_LIVE_CITY,1345.9121683239937,95,0.14469117310535587
NAME_INCOME_TYPE,1345.269848048687,78,0.14462212099606464
YEARS_BEGINEXPLUATATION_MEDI,1281.6514679193497,241,0.13778287972266204
APARTMENTS_AVG,1271.7086555957794,166,0.1367139859174628
LIVINGAREA_MEDI,1268.2383216023445,123,0.13634091053528333
YEARS_BEGINEXPLUATATION_MODE,1224.2668642997742,192,0.13161379543074894
NAME_CONTRACT_TYPE,1208.809710741043,37,0.12995208693749158
APARTMENTS_MEDI,1161.0245144963264,158,0.12481497898614025
OBS_30_CNT_SOCIAL_CIRCLE,1140.0152024030685,166,0.1225563902873729
WALLSMATERIAL_MODE,1128.2000204324722,112,0.12128620893378007
APARTMENTS_MODE,1111.5995336771011,189,0.11950158735201251
OBS_60_CNT_SOCIAL_CIRCLE,1110.9911984801292,187,0.11943618878042463
AMT_REQ_CREDIT_BUREAU_YEAR,1050.0654100179672,173,0.11288641234446563
LANDAREA_MODE,1033.0460314750671,178,0.1110567581479642
LANDAREA_AVG,1032.843449831009,170,0.11103497977607764
LIVINGAREA_AVG,989.2940751314163,156,0.10635324031224964
BASEMENTAREA_MEDI,951.1887601613998,167,0.10225675998142204
BASEMENTAREA_MODE,930.8247317075729,161,0.10006754196595213
LANDAREA_MEDI,925.7886595726013,165,0.09952614320145502
NONLIVINGAREA_MODE,899.0733067989349,216,0.09665413132451454
COMMONAREA_AVG,891.876193523407,154,0.09588041162176082
NONLIVINGAREA_AVG,855.962334394455,158,0.09201952193638155
YEARS_BEGINEXPLUATATION_AVG,842.4679372310638,144,0.09056881794404598
COMMONAREA_MEDI,798.4769517183304,166,0.08583960347544932
LIVINGAREA_MODE,794.3065604567528,153,0.08539126901637581
BASEMENTAREA_AVG,792.44604408741,158,0.08519125574478384
NONLIVINGAREA_MEDI,745.3643708229065,131,0.08012977944883272
DEF_60_CNT_SOCIAL_CIRCLE,720.9177153110504,68,0.0775016619923142
LIVINGAPARTMENTS_AVG,710.4942749738693,123,0.07638109867051997
NAME_HOUSING_TYPE,693.3718851208687,144,0.07454037032842988
YEARS_BUILD_AVG,630.2839049696922,122,0.06775814926545504
COMMONAREA_MODE,628.5696217417717,117,0.06757385666663596
FLOORSMAX_AVG,607.979226231575,69,0.06536030324822564
ENTRANCES_AVG,607.0751402378082,87,0.06526311023213965
ENTRANCES_MEDI,578.4451774358749,97,0.062185269789599554
LIVINGAPARTMENTS_MODE,573.6739411354065,108,0.06167234198218006
YEARS_BUILD_MODE,568.2662327289581,125,0.06109099076806997
LIVINGAPARTMENTS_MEDI,567.0046154856682,99,0.060955361651075735
NAME_TYPE_SUITE,556.5438400506973,104,0.05983078465051082
NONLIVINGAPARTMENTS_AVG,540.3094015717506,102,0.05808551478557557
REGION_RATING_CLIENT,511.4780501127243,54,0.05498602422222469
YEARS_BUILD_MEDI,450.853757083416,77,0.04846865980310616
CNT_FAM_MEMBERS,443.2598695755005,88,0.04765228521506848
FLOORSMAX_MEDI,391.0962038040161,39,0.042044473523054064
FLOORSMIN_AVG,376.4884607195854,66,0.04047408019943925
ENTRANCES_MODE,375.14774799346924,56,0.04032994798806279
FLOORSMAX_MODE,346.6686792373657,34,0.03726832928496421
ELEVATORS_AVG,322.5729796886444,36,0.034677941058635746
NONLIVINGAPARTMENTS_MEDI,308.1559203863144,50,0.03312804703711037
FLAG_PHONE,293.9258099794388,92,0.03159825080177838
FLOORSMIN_MEDI,280.42114263772964,63,0.030146442722427464
FLOORSMIN_MODE,277.66638880968094,70,0.029850295193355653
NONLIVINGAPARTMENTS_MODE,259.0962288379669,44,0.027853925523552196
AMT_REQ_CREDIT_BUREAU_MON,252.94765973091125,56,0.027192928693330305
FLAG_OWN_REALTY,249.71770471334457,65,0.026845695053893625
LIVE_CITY_NOT_WORK_CITY,227.38487219810486,58,0.024444822388168825
CNT_CHILDREN,218.2635189294815,45,0.023464238858421155
FLAG_DOCUMENT_8,211.23756074905396,38,0.0227089190424326
AMT_REQ_CREDIT_BUREAU_WEEK,193.8456107378006,27,0.02083921185875241
FONDKAPREMONT_MODE,173.1343549489975,64,0.018612665456174952
ELEVATORS_MODE,156.06284880638123,26,0.016777407325232915
REG_CITY_NOT_WORK_CITY,155.1232500076294,28,0.016676396534455178
ELEVATORS_MEDI,147.5060203075409,24,0.015857512563377616
REG_REGION_NOT_WORK_REGION,81.96441960334778,36,0.008811517054694717
FLAG_EMAIL,52.159811198711395,16,0.005607397309360434
HOUSETYPE_MODE,37.02613043785095,6,0.003980463491370213
DAYS_EMPLOYED_ANOM,27.2816002368927,3,0.002932885841564903
BUREAU_PROLONG_SUM,26.681661665439606,10,0.0028683899422501688
BUREAU_OVERDUE_COUNT,17.61184000968933,4,0.001893346275871071
AMT_REQ_CREDIT_BUREAU_HOUR,15.441900253295898,1,0.0016600686992878303
REG_REGION_NOT_LIVE_REGION,14.299640953540802,16,0.0015372710591729653
AMT_REQ_CREDIT_BUREAU_DAY,11.66883099079132,12,0.0012544480127021891
FLAG_EMP_PHONE,5.7828497886657715,1,0.0006216804777506768
FLAG_DOCUMENT_18,5.514819979667664,2,0.0005928661550899094
FLAG_DOCUMENT_6,2.213740110397339,1,0.00023798629736934284
FLAG_DOCUMENT_11,1.9627209901809692,2,0.0002110006947194991
EMERGENCYSTATE_MODE,0.0,0,0.0
FLAG_DOCUMENT_19,0.0,0,0.0
FLAG_DOCUMENT_13,0.0,0,0.0
FLAG_DOCUMENT_14,0.0,0,0.0
FLAG_DOCUMENT_15,0.0,0,0.0
FLAG_DOCUMENT_16,0.0,0,0.0
FLAG_MOBIL,0.0,0,0.0
FLAG_DOCUMENT_17,0.0,0,0.0
FLAG_CONT_MOBILE,0.0,0,0.0
FLAG_DOCUMENT_20,0.0,0,0.0
FLAG_DOCUMENT_12,0.0,0,0.0
FLAG_DOCUMENT_21,0.0,0,0.0
FLAG_DOCUMENT_10,0.0,0,0.0
FLAG_DOCUMENT_9,0.0,0,0.0
FLAG_DOCUMENT_7,0.0,0,0.0
LIVE_REGION_NOT_WORK_REGION,0.0,0,0.0
FLAG_DOCUMENT_5,0.0,0,0.0
FLAG_DOCUMENT_4,0.0,0,0.0
FLAG_DOCUMENT_2,0.0,0,0.0
